City_ID,City,Lat,Lng,Max Temp,Humidity,Cloudiness,Wind Speed,Country,Date
0,ashta,23.0167,76.7167,29.7,19,80,1.87,IN,1682445779
1,bethel,41.3712,-73.414,14.79,46,89,0.89,US,1682445779
2,grytviken,-54.2811,-36.5092,3.91,98,100,4.66,GS,1682445780
3,coahuayana de hidalgo,18.7,-103.6583,32.01,40,94,3.32,MX,1682445780
4,isafjordur,66.0755,-23.124,0.02,55,40,6.69,IS,1682445780
5,mata-utu,-13.2816,-176.1745,28.05,75,73,1.86,WF,1682445780
6,stornoway,58.2093,-6.3865,6.63,59,75,2.06,GB,1682445781
7,port elizabeth,-33.918,25.5701,20.05,90,0,1.54,ZA,1682445781
8,lerwick,60.1545,-1.1494,6.0,54,97,7.0,GB,1682445781
9,bilibino,68.0546,166.4372,-13.96,75,96,1.46,RU,1682445782
10,port-aux-francais,-49.35,70.2167,4.36,79,9,11.35,TF,1682445782
11,polovinnoye,54.7914,65.9864,14.53,43,1,2.89,RU,1682445782
12,kalianget,-7.05,113.9333,26.46,85,35,1.55,ID,1682445782
13,akhuryan,40.78,43.9003,8.84,76,59,2.57,AM,1682445783
14,san patricio,28.017,-97.5169,25.94,71,86,5.91,US,1682445783
15,puerto lempira,15.2667,-83.7667,31.08,74,40,2.57,HN,1682445783
16,kasongo-lunda,-6.4667,16.8167,23.25,93,59,0.3,CD,1682445784
17,waitangi,-43.9535,-176.5597,15.46,83,75,4.02,NZ,1682445784
18,tolanaro,-25.0319,46.9987,22.04,73,40,3.09,MG,1682445784
19,kailua-kona,19.6406,-155.9956,26.39,74,77,0.45,US,1682445620
20,tchaourou,8.8865,2.5975,31.41,42,80,2.83,BJ,1682445785
21,nar'yan-mar,67.6713,53.087,-5.89,88,9,5.56,RU,1682445785
22,yaring,6.8662,101.3689,26.79,84,84,2.59,TH,1682445785
23,puerto natales,-51.7236,-72.4875,10.25,50,20,9.77,CL,1682445745
24,hasaki,35.7333,140.8333,14.22,74,100,8.27,JP,1682445785
25,avarua,-21.2078,-159.775,22.03,94,88,1.54,CK,1682445786
26,whitehorse,60.7161,-135.0538,3.39,55,20,4.12,CA,1682445633
27,invercargill,-46.4,168.35,11.68,82,97,0.89,NZ,1682445786
28,kotabumi,-4.8333,104.9,24.42,94,100,1.15,ID,1682445786
29,vorgashor,67.5833,63.95,-11.16,95,11,3.48,RU,1682445787
30,aasiaat,68.7098,-52.8699,0.03,99,100,1.44,GL,1682445787
31,tiksi,71.6872,128.8694,-14.01,99,100,1.95,RU,1682445788
32,lebu,-37.6167,-73.65,14.91,73,100,2.12,CL,1682445646
33,ribeira grande,38.5167,-28.7,18.22,94,40,6.71,PT,1682445788
34,haiku-pauwela,20.9219,-156.3051,25.02,84,10,1.98,US,1682445788
35,poso,-1.3959,120.7524,25.65,81,93,2.23,ID,1682445789
36,campeche,19.0,-90.5,38.59,30,69,0.77,MX,1682445509
37,viedma,-40.8135,-62.9967,26.15,32,45,5.41,AR,1682445789
38,college,64.8569,-147.8028,-4.56,54,75,3.6,US,1682445601
39,belyy yar,53.6039,91.3903,-1.06,59,0,4.0,RU,1682445789
40,puerto ayora,-0.7393,-90.3518,28.98,89,3,1.79,EC,1682445789
41,ballina,-28.8667,153.5667,15.99,75,53,5.47,AU,1682445790
42,qazvin,36.2797,50.0049,15.79,63,75,5.14,IR,1682445790
43,bundibugyo,0.7414,30.0417,20.42,97,100,1.83,UG,1682445791
44,chernyshevskiy,63.0128,112.4714,-6.71,97,100,1.67,RU,1682445791
45,gorontalo,0.5412,123.0595,24.23,94,73,1.04,ID,1682445791
46,brisas de zicatela,15.8369,-97.0419,30.07,57,33,4.7,MX,1682445791
47,baotou,40.6522,109.8222,8.15,24,3,3.71,CN,1682445792
48,ghat,24.9647,10.1728,29.82,16,55,3.07,LY,1682445792
49,yellowknife,62.456,-114.3525,6.29,56,75,5.14,CA,1682445696
50,rawson,-43.3002,-65.1023,17.73,46,92,5.02,AR,1682445793
51,klyuchi,52.2667,79.1667,6.46,57,18,4.82,RU,1682445793
52,west island,-12.1568,96.8225,25.99,83,75,8.75,CC,1682445794
53,new yekepa,7.5794,-8.5378,21.84,95,91,2.9,LR,1682445794
54,bodaybo,57.8506,114.1933,-6.51,96,85,0.49,RU,1682445794
55,atafu village,-8.5421,-172.5159,28.83,75,81,5.29,TK,1682445794
56,prevalje,46.5469,14.9208,12.21,84,100,0.89,SI,1682445795
57,timbuktu,16.7735,-3.0074,35.71,6,0,4.81,ML,1682445659
58,rome,34.257,-85.1647,21.88,38,40,1.79,US,1682445722
59,olonkinbyen,70.9221,-8.7187,-3.67,70,95,5.79,SJ,1682445796
60,adamstown,-25.066,-130.1015,25.08,83,4,5.2,PN,1682445796
61,puerto colombia,10.9878,-74.9547,34.05,73,26,7.32,CO,1682445796
62,margaret river,-33.95,115.0667,15.76,70,100,9.57,AU,1682445797
63,tazovsky,67.4667,78.7,-8.74,94,68,3.09,RU,1682445797
64,udachny,66.4167,112.4,-8.13,95,100,3.5,RU,1682445797
65,lihue,21.9789,-159.3672,22.63,81,86,5.68,US,1682445797
66,aksu,41.1231,80.2644,17.97,25,69,1.29,CN,1682445798
67,san mariano,7.5,126.0,22.52,94,70,1.17,PH,1682445798
68,kristiansund,63.1115,7.732,3.03,87,75,2.06,NO,1682445798
69,lompoc,34.6391,-120.4579,18.12,87,40,4.63,US,1682445798
70,beyneu,45.3167,55.2,21.76,19,100,12.76,KZ,1682445798
71,beacon square,28.2086,-82.7554,31.01,74,0,3.58,US,1682445677
72,sitka,57.0531,-135.33,5.63,75,99,2.26,US,1682445799
73,blackmans bay,-43.0167,147.3167,13.07,81,0,2.49,AU,1682445799
74,ilulissat,69.2167,-51.1,3.01,56,75,1.03,GL,1682445661
75,carnarvon,-24.8667,113.6333,18.46,58,42,6.75,AU,1682445800
76,mae chai,19.346,99.814,29.11,37,57,1.63,TH,1682445800
77,mount gambier,-37.8333,140.7667,14.88,69,78,3.25,AU,1682445800
78,nouadhibou,20.931,-17.0347,20.99,78,0,9.26,MR,1682445801
79,tarauaca,-8.1614,-70.7656,24.33,91,100,1.35,BR,1682445801
80,papatowai,-46.5619,169.4708,8.68,72,74,7.77,NZ,1682445801
81,jasper,37.2001,-94.3502,17.21,47,40,4.12,US,1682445802
82,ushuaia,-54.8,-68.3,7.79,57,40,5.66,AR,1682445682
83,bredasdorp,-34.5322,20.0403,15.4,77,14,1.04,ZA,1682445802
84,zaozersk,69.4005,32.4476,-3.28,84,34,5.31,RU,1682445802
85,guerrero negro,27.9769,-114.0611,19.12,56,70,4.74,MX,1682445803
86,namibe,-15.1961,12.1522,24.04,77,58,2.85,AO,1682445803
87,ondjiva,-17.0667,15.7333,24.71,51,38,2.12,AO,1682445803
88,vernon,50.2581,-119.2691,15.62,46,99,1.54,CA,1682445609
89,pirane,-25.7324,-59.1088,21.07,85,95,0.67,AR,1682445803
90,zyrya,40.3661,50.2917,15.05,79,100,8.0,AZ,1682445804
91,vryburg,-26.9566,24.7284,20.06,40,0,3.94,ZA,1682445804
92,afaahiti,-17.75,-149.2833,23.93,86,100,6.72,PF,1682445804
93,maumere,-8.6199,122.2111,26.39,85,88,3.41,ID,1682445805
94,wailua homesteads,22.0669,-159.378,22.29,81,87,1.79,US,1682445805
95,la ronge,55.1001,-105.2842,4.14,56,100,5.66,CA,1682445800
96,carauari,-4.8828,-66.8958,29.0,69,87,1.27,BR,1682445805
97,naldurg,17.8167,76.3,29.4,41,47,8.43,IN,1682445805
98,urucara,-2.5364,-57.76,25.62,94,75,0.99,BR,1682445806
99,kodiak,57.79,-152.4072,1.26,99,100,4.85,US,1682445806
100,ardakan,32.31,54.0175,19.69,52,75,2.4,IR,1682445806
101,lata,40.1629,-8.3327,22.73,54,75,3.26,PT,1682445806
102,beaufort,5.3473,115.7455,24.0,95,99,1.35,MY,1682445807
103,solleftea,63.1667,17.2667,-0.03,96,100,2.6,SE,1682445807
104,shipunovo,52.1582,82.2173,4.93,53,88,6.43,RU,1682445807
105,jamestown,42.097,-79.2353,9.45,45,100,5.66,US,1682445629
106,talnakh,69.4865,88.3972,1.23,85,84,2.74,RU,1682445808
107,albacete,38.8333,-2.0,27.45,17,0,5.66,ES,1682445808
108,kalemie,-5.9475,29.1947,22.69,84,63,1.61,CD,1682445808
109,revelstoke,50.9832,-118.2023,10.01,66,75,2.06,CA,1682445808
110,sikonge,-5.6333,32.7667,19.98,86,71,2.12,TZ,1682445809
111,ust-nera,64.5667,143.2,-12.55,99,83,2.09,RU,1682445809
112,albany,42.6001,-73.9662,12.1,55,69,2.74,US,1682445773
113,arkhangel'sk,64.5401,40.5433,3.06,70,40,1.0,RU,1682445605
114,chinde,26.8418,88.0763,16.69,50,81,2.68,NP,1682445810
115,codrington,-38.2667,141.9667,15.23,68,55,3.56,AU,1682445810
116,happy valley-goose bay,53.3168,-60.3315,12.17,43,40,3.6,CA,1682445810
117,beau vallon,-20.4189,57.6953,25.13,88,75,1.03,MU,1682445605
118,ta`u,-14.2336,-169.5144,27.42,72,45,2.13,AS,1682445811
119,luderitz,-26.6481,15.1594,17.67,82,0,6.85,NA,1682445811
120,hamilton,39.1834,-84.5333,14.96,39,92,1.34,US,1682445610
121,longyearbyen,78.2186,15.6401,-4.09,58,0,1.03,SJ,1682445711
122,yilan,24.757,121.753,22.23,99,100,1.46,TW,1682445812
123,lianjiang,21.6467,110.2817,18.56,77,100,3.51,CN,1682445812
124,kapuskasing,49.4169,-82.4331,0.05,86,100,4.63,CA,1682445812
125,port mathurin,-19.6833,63.4167,26.2,79,14,9.0,MU,1682445812
126,edinburgh of the seven seas,-37.0676,-12.3116,15.34,61,63,11.49,SH,1682445812
127,ribeira brava,32.65,-17.0667,22.85,72,49,1.28,PT,1682445813
128,stanley,54.868,-1.6985,6.55,62,20,3.6,GB,1682445813
129,tobelo,1.7284,128.0095,26.23,83,22,0.76,ID,1682445813
130,erenhot,43.6475,111.9767,4.25,15,69,5.72,CN,1682445814
131,freetown,8.484,-13.2299,29.84,70,20,8.75,SL,1682445814
132,port alfred,-33.5906,26.891,20.1,94,96,1.79,ZA,1682445814
133,khandyga,62.6667,135.6,-7.27,97,94,1.13,RU,1682445815
134,taulaga,-11.0553,-171.0883,28.46,74,100,3.14,AS,1682445815
135,new norfolk,-42.7826,147.0587,13.72,68,0,1.47,AU,1682445815
136,hammerfest,70.6634,23.6821,1.25,69,75,0.0,NO,1682445815
137,iqaluit,63.7506,-68.5145,-0.15,100,75,1.54,CA,1682445723
138,galliano,29.4422,-90.2992,26.0,61,40,4.12,US,1682445816
139,iida,35.5197,137.8207,8.91,100,100,1.18,JP,1682445816
140,ternate,0.8,127.4,27.2,81,26,1.19,ID,1682445816
141,arkalyk,50.2486,66.9114,14.09,42,0,1.52,KZ,1682445817
142,sisimiut,66.9395,-53.6735,0.7,100,100,2.43,GL,1682445817
143,saint-philippe,-21.3585,55.7679,24.77,82,46,0.48,RE,1682445817
144,la passe,45.5549,-0.8967,14.13,90,100,3.56,FR,1682445818
145,banda aceh,5.5577,95.3222,26.9,81,44,2.66,ID,1682445818
146,cabo san lucas,22.8909,-109.9124,28.67,71,2,0.45,MX,1682445636
147,barah,13.7,30.3667,36.32,11,40,5.45,SD,1682445819
148,kiruna,67.8557,20.2251,-1.49,43,100,6.17,SE,1682445819
149,ovalle,-30.5983,-71.2003,25.98,38,15,2.27,CL,1682445820
150,taoudenni,22.6783,-3.9836,36.49,7,1,6.15,ML,1682445820
151,arraial do cabo,-22.9661,-42.0278,27.98,69,20,6.69,BR,1682445820
152,broome,42.2506,-75.833,10.39,54,100,4.47,US,1682445820
153,saipan,15.1355,145.701,27.39,100,75,8.05,MP,1682445821
154,westport,41.1415,-73.3579,15.73,47,0,3.6,US,1682445768
155,petropavlovsk-kamchatsky,53.0452,158.6483,-0.67,74,75,2.0,RU,1682445821
156,az zawr,29.4425,48.2747,29.45,46,2,3.22,KW,1682445821
157,toliara,-23.35,43.6667,22.22,77,47,6.54,MG,1682445822
158,kourou,5.1552,-52.6478,28.03,75,76,4.3,GF,1682445822
159,shiguai,40.7058,110.2856,5.43,28,1,2.6,CN,1682445822
160,dunedin,-45.8742,170.5036,8.22,71,60,5.36,NZ,1682445680
161,hithadhoo,-0.6,73.0833,28.96,75,100,5.42,MV,1682445822
162,kachkanar,58.7,59.4948,10.68,59,44,1.85,RU,1682445823
163,camden,39.7835,-74.9663,15.88,42,45,2.24,US,1682445734
164,kenora,49.8167,-94.4337,5.54,42,75,2.57,CA,1682445823
165,pisco,-13.7,-76.2167,23.9,78,0,4.12,PE,1682445823
166,zyryanskoye,56.8306,86.6258,-0.15,89,100,4.01,RU,1682445824
167,remire-montjoly,4.9167,-52.2667,28.02,83,100,5.66,GF,1682445824
168,molde,62.7375,7.1591,3.73,81,75,2.57,NO,1682445824
169,chu,43.5983,73.7614,14.2,39,1,8.04,KZ,1682445824
170,jayapura,-2.5333,140.7,24.66,93,93,2.24,ID,1682445824
171,nishinoomote,30.7333,131.0,19.22,91,99,14.45,JP,1682445825
172,nabire,-3.3667,135.4833,24.39,93,90,1.37,ID,1682445825
173,fale old settlement,-9.3852,-171.2468,28.71,74,98,4.53,TK,1682445825
174,wangkui,46.8333,126.5,0.87,30,16,2.45,CN,1682445825
175,rio grande,-32.035,-52.0986,27.06,71,100,4.78,BR,1682445826
176,fortuna foothills,32.6578,-114.4119,29.19,30,0,6.69,US,1682445826
177,mariehamn,60.0973,19.9348,5.92,93,100,2.06,AX,1682445826
178,tuy hoa,13.0833,109.3,25.07,86,93,1.67,VN,1682445826
179,kuhmo,64.1333,29.5167,0.98,100,100,3.75,FI,1682445827
180,east london,-33.0153,27.9116,21.52,88,75,3.6,ZA,1682445827
181,bubaque,11.2833,-15.8333,25.96,72,2,8.75,GW,1682445827
182,adam,22.3756,57.5233,26.24,47,39,7.55,OM,1682445827
183,urangan,-25.3,152.9,22.63,61,77,8.16,AU,1682445828
184,igarka,67.4667,86.5833,-2.02,97,100,5.01,RU,1682445828
185,manavalakurichi,8.1333,77.3,27.24,82,100,1.29,IN,1682445828
186,thompson,55.7435,-97.8558,6.09,36,20,2.06,CA,1682445656
187,san antonio de pale,-1.4014,5.6325,28.46,73,100,4.85,GQ,1682445808
188,qaqortoq,60.7167,-46.0333,2.0,90,95,2.5,GL,1682445829
189,nova sintra,14.8667,-24.7167,20.43,73,0,8.81,CV,1682445829
190,empalme,27.9667,-110.8167,29.4,50,0,2.06,MX,1682445829
191,kismayo,-0.3582,42.5454,28.21,75,100,4.43,SO,1682445829
192,meulaboh,4.1363,96.1285,25.6,88,80,1.67,ID,1682445829
193,bardai,11.65,7.2333,34.31,17,95,2.46,NG,1682445830
194,alta,69.9689,23.2717,0.59,60,17,3.09,NO,1682445830
195,zhengjiatun,43.5064,123.5064,1.75,63,90,5.14,CN,1682445831
196,labrador city,52.9463,-66.9114,9.95,43,75,3.6,CA,1682445831
197,tozkhurmato,34.8905,44.6299,21.77,35,0,3.2,IQ,1682445831
198,port saint john's,-31.6229,29.5448,22.02,90,94,2.96,ZA,1682445831
199,arivonimamo,-19.0167,47.1833,17.03,83,0,2.34,MG,1682445832
200,constantia,44.1833,28.65,12.61,90,100,4.16,RO,1682445604
201,dudinka,69.4058,86.1778,1.46,99,100,3.89,RU,1682445832
202,boromo,11.75,-2.9333,37.82,21,64,3.32,BF,1682445832
203,covington,39.0837,-84.5086,15.4,39,86,2.82,US,1682445672
204,purna,19.1833,77.05,26.72,60,31,6.12,IN,1682445833
205,muli,2.9167,73.5667,29.11,73,98,3.29,MV,1682445834
206,urumqi,43.801,87.6005,11.53,62,0,3.0,CN,1682445834
207,tura,25.5198,90.2201,23.34,46,18,1.31,IN,1682445834
208,salalah,17.0151,54.0924,29.05,74,40,4.12,OM,1682445834
209,gadzhiyevo,69.2551,33.3362,-3.9,83,19,5.37,RU,1682445835
210,tres de maio,-27.7733,-54.24,21.53,80,60,4.4,BR,1682445835
211,aksaray,38.3726,34.0254,12.36,62,66,4.54,TR,1682445836
212,saudarkrokur,65.7461,-19.6394,1.08,52,18,3.18,IS,1682445836
213,shenjiamen,29.9576,122.298,13.54,79,94,5.61,CN,1682445836
214,boguchany,58.3814,97.4531,-1.88,88,100,4.63,RU,1682445836
215,hawaiian paradise park,19.5933,-154.9731,24.94,96,79,1.48,US,1682445836
216,saint-pierre,-21.3393,55.4781,24.82,88,0,1.03,RE,1682445837
217,yuzhno-kurilsk,44.0306,145.8556,3.5,88,100,5.17,RU,1682445837
218,anadyr,64.75,177.4833,-10.72,62,0,7.0,RU,1682445691
219,alice springs,-23.7,133.8833,12.75,82,10,2.87,AU,1682445830
220,portage la prairie,49.9728,-98.2926,8.39,52,75,3.13,CA,1682445681
221,mao,39.8885,4.2658,18.31,82,20,1.54,ES,1682445837
222,sambava,-14.2667,50.1667,26.03,87,66,0.42,MG,1682445838
223,takanabe,32.1333,131.5,17.94,95,100,3.11,JP,1682445838
224,ancud,-41.8697,-73.8203,11.33,98,100,2.84,CL,1682445657
225,saint-louis du nord,19.9333,-72.7167,26.99,68,46,3.12,HT,1682445838
226,karratha,-20.7377,116.8463,25.64,42,100,3.92,AU,1682445839
227,porto empedocle,37.2934,13.5264,18.51,79,85,4.72,IT,1682445839
228,jackson,42.4165,-122.8345,15.58,58,0,1.34,US,1682445840
229,sur,22.5667,59.5289,25.91,66,60,4.39,OM,1682445840
230,badger,64.8,-147.5333,-4.07,46,40,4.12,US,1682445840
231,ninotsminda,41.2646,43.5916,4.1,85,48,0.98,GE,1682445841
232,sinop,41.7711,34.8709,11.44,75,100,1.81,TR,1682445728
233,enoch,37.7733,-113.0244,10.26,40,0,7.2,US,1682445842
234,conceicao do mato dentro,-19.0372,-43.425,26.44,52,43,2.69,BR,1682445843
235,keflavik,64.0049,-22.5624,6.95,45,20,4.63,IS,1682445843
236,al kharj,24.155,47.3346,31.32,34,43,10.18,SA,1682445843
237,revda,56.801,59.9303,10.8,65,58,1.68,RU,1682445844
238,necochea,-38.5473,-58.7368,22.83,48,25,1.51,AR,1682445845
239,colonia,50.9333,6.95,10.54,50,40,4.63,DE,1682445614
240,kabala,9.5833,-11.55,34.4,34,51,3.35,SL,1682445845
241,arsen'yev,44.1631,133.2733,2.67,94,100,1.58,RU,1682445845
242,sarina,-21.4333,149.2167,21.82,79,73,6.32,AU,1682445846
243,cheremkhovo,53.1561,103.0675,-0.28,84,100,9.85,RU,1682445846
244,sao paulo de olivenca,-3.3783,-68.8725,28.63,70,88,1.03,BR,1682445846
245,flin flon,54.7682,-101.865,4.91,48,100,3.6,CA,1682445729
246,grossenluder,50.5925,9.5423,8.97,52,98,2.74,DE,1682445847
247,yarovoye,52.9273,78.58,8.46,55,39,6.08,RU,1682445847
248,paramonga,-10.6667,-77.8333,26.08,70,77,4.48,PE,1682445847
249,hermanus,-34.4187,19.2345,14.89,77,16,1.46,ZA,1682445848
250,kingston,17.997,-76.7936,30.13,64,20,4.63,JM,1682445624
251,tukrah,32.5341,20.5791,17.64,63,4,0.63,LY,1682445848
252,burang,30.25,81.1667,-4.42,90,70,0.85,CN,1682445848
253,bangassou,4.7413,22.8184,21.82,96,92,1.45,CF,1682445849
254,kachug,53.9606,105.8817,2.03,78,100,1.81,RU,1682445849
255,kolonia,50.9333,6.95,10.54,50,40,4.63,DE,1682445623
256,fortuna,40.5982,-124.1573,15.52,75,86,0.89,US,1682445849
257,spisska nova ves,48.9446,20.5615,7.17,93,100,0.88,SK,1682445850
258,vahdat,38.5563,69.0135,18.41,52,100,1.0,TJ,1682445850
259,robore,-18.3333,-59.75,24.05,94,75,0.0,BO,1682445850
260,anapa,44.8908,37.3239,9.19,87,20,4.0,RU,1682445636
261,mar del plata,-38.0023,-57.5575,20.53,82,75,2.06,AR,1682445631
262,ain sefra,32.75,-0.5833,26.24,16,1,3.92,DZ,1682445851
263,fortaleza,-3.7227,-38.5247,31.07,62,0,6.17,BR,1682445851
264,machico,32.7,-16.7667,22.85,77,20,5.66,PT,1682445852
265,acarau,-2.8856,-40.12,28.67,73,70,4.98,BR,1682445852
266,eyl,7.9803,49.8164,28.42,76,39,5.42,SO,1682445852
267,belaya kholunitsa,58.84,50.8528,13.65,56,100,1.91,RU,1682445853
268,puerto baquerizo moreno,-0.9,-89.6,28.55,74,20,3.09,EC,1682445853
269,susuman,62.7833,148.1667,-12.8,99,94,1.43,RU,1682445853
270,coron,11.9986,120.2043,25.63,84,18,1.48,PH,1682445853
271,praia da vitoria,38.7333,-27.0667,21.14,73,40,6.74,PT,1682445854
272,lisakovsk,52.5369,62.4936,15.77,40,36,3.41,KZ,1682445854
273,taroa,8.7058,171.2275,27.25,81,100,8.38,MH,1682445854
274,rangapara,26.8167,92.65,23.32,59,41,2.14,IN,1682445854
275,plettenberg bay,-34.0527,23.3716,16.21,87,37,1.47,ZA,1682445855
276,kapustin yar,48.5831,45.7372,12.81,74,82,4.88,RU,1682445855
277,hilo,19.7297,-155.09,29.04,72,0,2.06,US,1682445855
278,dampit,-8.2116,112.7493,22.03,97,84,0.81,ID,1682445856
279,ocean shores,46.9737,-124.1563,12.99,72,0,4.63,US,1682445733
280,mala,-12.6581,-76.6308,24.42,76,70,4.02,PE,1682445856
281,aqsay,51.1678,52.995,16.58,45,100,4.53,KZ,1682445856
282,hrajel,34.0148,35.7946,10.64,83,5,0.74,LB,1682445857
283,mogadishu,2.0371,45.3438,28.78,68,100,4.71,SO,1682445857
284,woodward,36.4337,-99.3904,10.57,100,100,6.69,US,1682445858
285,chonchi,-42.6128,-73.8092,11.73,99,100,0.58,CL,1682445858
286,preobrazheniye,42.9019,133.9064,3.54,93,100,1.29,RU,1682445858
287,arys,42.4252,68.795,17.44,34,0,8.36,KZ,1682445858
288,kolwezi,-10.7148,25.4667,18.0,85,72,1.91,CD,1682445631
289,barcelos,41.5388,-8.6151,21.62,74,65,2.38,PT,1682445725
290,el calafate,-50.3408,-72.2768,7.72,63,4,2.25,AR,1682445859
291,finley,46.154,-119.0339,17.2,48,0,4.02,US,1682445859
292,santiago de cao,-7.9589,-79.2392,26.07,73,94,6.17,PE,1682445687
293,roma,43.2128,-75.4557,9.73,65,100,5.14,US,1682445677
294,wapato,46.4476,-120.4203,14.93,48,0,0.0,US,1682445860
295,sirte,31.2089,16.5887,20.35,49,2,4.64,LY,1682445861
296,oltinko'l,40.8011,72.1634,21.78,30,0,1.11,UZ,1682445861
297,hadibu,12.65,54.0333,28.21,70,65,1.35,YE,1682445861
298,cidreira,-30.1811,-50.2056,23.3,68,81,5.15,BR,1682445808
299,peniscola,40.3359,0.3613,24.82,63,86,1.48,ES,1682445861
300,camacupa,-12.0167,17.4833,19.1,80,100,1.15,AO,1682445862
301,ixtapa,20.7,-105.2,26.57,54,40,4.63,MX,1682445862
302,qa'en,33.7265,59.1844,21.38,25,80,2.38,IR,1682445862
303,kruisfontein,-34.0033,24.7314,18.82,92,72,0.07,ZA,1682445863
304,gereshk,31.8209,64.5701,26.44,14,97,3.5,AF,1682445863
305,chifeng,42.2683,118.9636,2.92,18,0,2.78,CN,1682445863
306,ola,59.5833,151.2833,0.08,82,100,3.87,RU,1682445864
307,zara,44.1197,15.2422,12.34,94,75,1.03,HR,1682445864
308,lianzhou,24.7811,112.3825,10.22,96,1,1.6,CN,1682445864
309,san andres,12.5847,-81.7006,31.01,58,20,3.09,CO,1682445864
310,khoyniki,51.8911,29.9552,12.71,61,65,2.79,BY,1682445865
311,manacapuru,-3.2997,-60.6206,27.75,78,68,0.32,BR,1682445865
312,oromocto,45.8351,-66.4792,9.28,76,100,3.58,CA,1682445866
313,okha,53.5739,142.9478,-0.75,79,86,4.27,RU,1682445866
314,altai,46.3722,96.2583,1.67,52,79,3.99,MN,1682445866
315,amga,60.8953,131.9608,-7.73,97,100,0.83,RU,1682445866
316,shiqian,27.5225,108.2281,11.37,89,1,0.53,CN,1682445866
317,moyynkum,44.2914,72.9469,15.34,32,0,9.76,KZ,1682445867
318,mbanza-ngungu,-5.25,14.8667,22.84,88,47,0.48,CD,1682445867
319,heroica guaymas,27.9333,-110.9,28.03,50,0,2.06,MX,1682445868
320,hassi messaoud,31.6804,6.0729,34.92,10,0,1.54,DZ,1682445868
321,egilsstadir,65.2653,-14.3948,-0.05,69,75,5.66,IS,1682445868
322,mejit,10.2753,170.8646,27.22,78,98,8.72,MH,1682445868
323,vila do maio,15.1333,-23.2167,26.44,77,3,7.31,CV,1682445869
324,carhuamayo,-10.9167,-76.0333,10.3,55,83,5.54,PE,1682445869
325,takoradi,4.8845,-1.7554,28.64,77,74,5.18,GH,1682445851
326,antofagasta,-23.65,-70.4,19.6,74,42,3.77,CL,1682445870
327,korla,41.7597,86.1469,16.67,28,83,8.79,CN,1682445630
328,berezna,51.5716,31.7846,12.74,61,96,2.48,UA,1682445870
329,brookings,44.3114,-96.7984,9.54,46,0,7.72,US,1682445831
330,enewetak,11.3474,162.3373,26.49,80,100,6.89,MH,1682445870
331,nikel,69.4128,30.222,0.1,84,35,1.74,RU,1682445871
332,bel ombre,-4.6167,55.4167,27.91,83,20,1.54,SC,1682445871
333,al kharijah,25.4514,30.5464,27.02,12,63,4.31,EG,1682445871
334,georgetown,5.4112,100.3354,27.96,93,20,2.68,MY,1682445635
335,bengkulu,-3.8004,102.2655,24.54,93,100,0.84,ID,1682445872
336,kimbe,-5.5502,150.1429,24.71,93,91,1.22,PG,1682445872
337,crane,31.3974,-102.3501,24.98,29,24,4.0,US,1682445872
338,penzance,50.1186,-5.5371,9.38,73,100,10.2,GB,1682445872
339,bikaner,28.0167,73.3,30.36,15,79,2.99,IN,1682445873
340,carutapera,-1.195,-46.02,29.07,71,63,4.02,BR,1682445873
341,chazuta,-6.5742,-76.1367,28.47,78,91,0.84,PE,1682445873
342,st. john's,47.5649,-52.7093,4.26,94,100,8.49,CA,1682445874
343,wuhai,39.6647,106.8122,13.33,33,43,6.37,CN,1682445874
344,pangkalpinang,-2.1333,106.1333,25.54,86,46,0.91,ID,1682445874
345,springs,-26.25,28.4,18.47,29,56,0.78,ZA,1682445874
346,port douglas,-16.4833,145.4667,24.51,82,94,7.32,AU,1682445874
347,east ballina,-28.8667,153.5833,16.0,74,53,5.82,AU,1682445875
348,slave lake,55.2834,-114.769,4.99,87,100,4.12,CA,1682445875
349,loushanguan,28.1375,106.82,10.51,84,33,0.76,CN,1682445875
350,angaur state,6.906,134.13,28.48,74,12,3.64,PW,1682445875
351,nosy varika,-20.5833,48.5333,24.08,81,29,3.06,MG,1682445875
352,formosa do rio preto,-11.0483,-45.1931,32.71,30,31,3.17,BR,1682445876
353,van buren,35.4368,-94.3483,12.34,79,100,2.06,US,1682445876
354,umba,66.6871,34.3429,-1.19,87,74,1.91,RU,1682445876
355,broken hill,-31.95,141.4333,18.21,50,94,4.84,AU,1682445876
356,nchelenge,-9.3451,28.734,23.83,77,78,1.73,ZM,1682445877
357,tahoua,14.8888,5.2692,39.99,14,0,2.06,NE,1682445877
358,battenberg,51.0167,8.65,9.46,72,96,3.38,DE,1682445877
359,kelibia,36.8476,11.0939,21.14,68,0,1.54,TN,1682445877
360,utrik,11.2278,169.8474,27.05,78,86,8.39,MH,1682445878
361,mana,5.6592,-53.7767,27.87,78,94,3.81,GF,1682445878
362,novaya lyalya,59.055,60.599,11.86,59,27,2.66,RU,1682445878
363,praia,14.9215,-23.5087,26.3,53,20,8.23,CV,1682445879
364,pionerskiy,54.9508,20.2275,6.91,82,100,5.75,RU,1682445879
365,sao felix do xingu,-6.6447,-51.995,30.26,56,100,2.22,BR,1682445879
366,newman,37.3138,-121.0208,22.81,34,11,4.92,US,1682445879
367,batobato,6.8252,126.0846,26.64,83,88,1.91,PH,1682445880
368,nassau,40.7507,-73.5829,15.82,45,100,3.09,US,1682445880
369,ulladulla,-35.35,150.4667,14.2,92,8,1.86,AU,1682445880
370,woodstock,43.1334,-80.7497,9.9,59,44,5.32,CA,1682445788
371,matao,-21.6033,-48.3658,26.07,52,86,0.44,BR,1682445881
372,cox's bazar,21.4532,91.9798,25.95,79,34,1.47,BD,1682445881
373,lyozna,55.0249,30.7956,10.94,68,76,2.12,BY,1682445881
374,santyoku,37.4406,129.1708,8.85,79,78,3.48,KR,1682445882
375,ghadamis,30.1337,9.5007,26.94,10,1,3.63,LY,1682445882
376,xinyuan,37.3,99.0,1.33,22,20,2.12,CN,1682445882
377,jimo,36.3897,120.4622,11.88,82,40,4.0,CN,1682445882
378,coquimbo,-29.9533,-71.3436,15.85,82,100,2.57,CL,1682445636
379,rabo de peixe,37.8,-25.5833,17.73,94,75,3.6,PT,1682445883
380,malvan,16.0667,73.4667,26.9,79,28,3.07,IN,1682445883
381,la'ie,21.6477,-157.9253,24.47,82,92,5.79,US,1682445659
382,emerald,-23.5333,148.1667,16.3,78,7,6.45,AU,1682445883
383,uturoa,-16.7333,-151.4333,27.53,78,55,4.03,PF,1682445883
384,al bawiti,28.3492,28.8659,26.09,19,0,2.96,EG,1682445884
385,araxa,-19.5933,-46.9406,25.98,53,40,4.63,BR,1682445861
386,tobruk,32.0836,23.9764,18.22,70,0,2.75,LY,1682445884
387,fort bragg,35.139,-79.006,21.01,43,75,2.24,US,1682445885
388,vilyuchinsk,52.9306,158.4028,0.15,81,87,3.84,RU,1682445885
389,natal,-5.795,-35.2094,28.36,83,75,8.23,BR,1682445885
390,nikolayevsk-on-amure,53.1406,140.73,-0.31,97,100,2.67,RU,1682445885
391,staraya russa,57.9944,31.3608,13.26,58,84,2.64,RU,1682445886
392,tsiombe,-25.3,45.4833,19.22,75,94,2.58,MG,1682445886
393,abepura,-2.6333,140.5833,25.45,78,20,1.54,ID,1682445886
394,prince rupert,54.3161,-130.3201,7.05,72,100,4.12,CA,1682445621
395,alesund,62.4723,6.1549,3.84,82,75,6.17,NO,1682445887
396,bikenibeu village,1.3673,173.1241,25.98,89,75,1.03,KI,1682445887
397,ierapetra,35.01,25.7353,18.41,70,51,0.89,GR,1682445887
398,kittila,67.6647,24.8936,2.08,41,0,4.12,FI,1682445887
399,kodoli,16.8833,74.2,23.27,81,20,3.55,IN,1682445888
400,sao joao da barra,-21.6403,-41.0511,26.05,71,21,4.03,BR,1682445815
401,cukai,4.25,103.4167,25.97,90,100,1.82,MY,1682445888
402,sandnessjoen,66.0217,12.6316,3.14,58,75,3.09,NO,1682445888
403,sao francisco do sul,-26.2433,-48.6381,24.95,73,75,3.6,BR,1682445889
404,el granada,37.5027,-122.4694,24.78,69,75,2.06,US,1682445889
405,amarkantak,22.6667,81.75,21.36,57,96,1.66,IN,1682445889
406,oranjemund,-28.55,16.4333,15.09,94,11,3.66,NA,1682445889
407,nguigmi,14.2495,13.1092,32.94,21,24,1.29,NE,1682445890
408,puducherry,11.9333,79.8167,28.82,78,50,3.72,IN,1682445890
409,vila franca do campo,37.7167,-25.4333,18.23,85,65,3.62,PT,1682445890
410,puerto san jose,13.9256,-90.8244,31.93,55,72,3.13,GT,1682445890
411,cascavel,-24.9558,-53.4553,22.78,60,40,6.17,BR,1682445695
412,luanda,-8.8368,13.2343,28.0,83,75,4.12,AO,1682445613
413,jammalamadugu,14.8333,78.4,28.58,70,80,3.73,IN,1682445891
414,muisne,0.6,-80.0333,28.92,68,43,3.2,EC,1682445891
415,labytnangi,66.6572,66.4183,-9.77,89,5,3.2,RU,1682445891
416,el bauga,18.262,33.9081,34.08,10,2,4.62,SD,1682445892
417,margate,51.3813,1.3862,9.06,59,35,0.89,GB,1682445892
418,al jawf,29.5,38.75,23.92,18,2,4.21,SA,1682445892
419,karaton,-6.3424,106.1045,23.99,90,95,0.93,ID,1682445892
420,brownwood,31.7093,-98.9912,22.0,60,100,5.66,US,1682445611
421,namtsy,62.7161,129.6658,-7.12,98,100,1.58,RU,1682445892
422,champua,22.0833,85.6667,24.51,70,69,2.99,IN,1682445893
423,aykhal,66.0,111.5,-9.86,96,100,3.6,RU,1682445893
424,timaru,-44.4,171.25,8.93,95,99,5.17,NZ,1682445893
425,princesa isabel,-7.7367,-37.9933,28.93,44,94,2.17,BR,1682445893
426,punta arenas,-53.15,-70.9167,9.06,57,40,7.72,CL,1682445639
427,barranca,-10.75,-77.7667,25.8,68,83,4.94,PE,1682445894
428,kerikeri,-35.2268,173.9474,12.17,94,6,2.07,NZ,1682445894
429,timizart,36.8,4.2667,19.77,43,83,1.03,DZ,1682445895
430,horta,38.5333,-28.6333,17.8,94,40,6.69,PT,1682445895
431,touros,-5.1989,-35.4608,28.24,75,95,5.57,BR,1682445895
432,barcelona,41.3888,2.159,21.45,78,40,5.66,ES,1682445896
433,okap,19.7578,-72.2042,27.97,61,40,6.69,HT,1682445786
434,charlottetown,46.2352,-63.1267,6.54,70,100,2.06,CA,1682445807
435,asbury lake,30.0491,-81.8215,28.03,61,75,6.17,US,1682445896
436,pekanbaru,0.5333,101.45,25.18,100,40,2.06,ID,1682445897
437,askoy,60.4092,5.226,6.16,63,40,9.77,NO,1682445897
438,iskateley,67.6803,53.1512,-5.89,88,9,5.88,RU,1682445897
439,acajutla,13.5928,-89.8275,30.88,57,12,3.73,SV,1682445897
440,portland,45.5234,-122.6762,13.92,72,83,3.13,US,1682445617
441,sao vicente,-23.9631,-46.3919,30.15,57,75,2.24,BR,1682445821
442,santa elena de uairen,4.6167,-61.1333,18.26,96,100,0.84,VE,1682445898
443,esquel,-42.9,-71.3167,9.4,86,100,0.3,AR,1682445898
444,masterton,-40.9597,175.6575,16.05,70,98,6.79,NZ,1682445789
445,greymouth,-42.4667,171.2,13.22,82,70,6.87,NZ,1682445898
446,kangding,30.0513,101.9603,5.6,98,100,0.74,CN,1682445899
447,vila velha,-20.3297,-40.2925,26.97,79,40,4.63,BR,1682445661
448,shingu,33.7333,135.9833,17.38,95,100,6.53,JP,1682445899
449,gassol,8.5333,10.4667,34.6,30,93,2.49,NG,1682445899
450,barra de santo antonio,-9.4047,-35.5072,27.6,77,96,3.43,BR,1682445900
451,wolf trap,38.9398,-77.2861,16.05,41,75,2.57,US,1682445900
452,gisborne,-38.6533,178.0042,11.03,80,14,4.37,NZ,1682445900
453,swan hill,-35.3378,143.5544,15.65,66,71,3.28,AU,1682445901
454,moranbah,-22.0016,148.0466,17.09,81,0,6.86,AU,1682445901
455,sol'tsy,58.1239,30.3238,12.33,65,39,2.03,RU,1682445902
456,vadso,70.0744,29.7487,1.09,69,0,6.17,NO,1682445902
457,nambucca,-30.6333,152.9833,16.01,76,92,2.73,AU,1682445902
458,puerto aysen,-45.4,-72.7,12.02,82,100,3.6,CL,1682445903
459,kavaratti,10.5669,72.642,27.86,69,50,3.6,IN,1682445903
460,new shagunnu,10.3396,4.4688,33.6,41,62,0.85,NG,1682445903
461,rongelap,11.1635,166.8941,24.57,90,100,3.02,MH,1682445903
462,talara,-4.5772,-81.2719,30.42,70,40,4.12,PE,1682445904
463,chornomors'k,46.305,30.6548,11.5,79,98,7.05,UA,1682445904
464,mil'kovo,55.6078,37.7956,16.22,74,100,3.25,RU,1682445905
465,daru,-9.0763,143.2092,26.26,88,100,4.97,PG,1682445905
466,trondheim,63.4305,10.3951,2.03,94,100,2.26,NO,1682445643
467,akureyri,65.6835,-18.0878,-0.04,59,75,3.6,IS,1682445906
468,sokoni,-6.4333,39.55,27.92,84,33,6.72,TZ,1682445906
469,afif,23.9065,42.9172,23.31,47,75,6.11,SA,1682445906
470,kavieng,-2.5744,150.7967,27.66,80,13,3.9,PG,1682445907
471,laojunmiao,39.8333,97.7333,10.02,18,17,3.03,CN,1682445907
472,hirara,24.8,125.2833,22.15,88,100,6.69,JP,1682445907
473,smara,26.7384,-11.6719,35.95,10,85,6.38,EH,1682445908
474,las veredas,23.1388,-109.7075,28.31,52,0,4.12,MX,1682445848
475,quetta,30.199,67.0097,19.12,26,100,2.11,PK,1682445620
476,atar,20.5169,-13.0499,38.36,11,4,4.76,MR,1682445908
477,platteville,42.7342,-90.4785,9.13,57,75,4.63,US,1682445909
478,hami,42.8,93.45,16.51,29,98,7.56,CN,1682445909
479,silver city,32.7701,-108.2803,21.06,25,0,5.81,US,1682445910
480,kisangani,0.5167,25.2,25.95,67,82,0.93,CD,1682445910
481,kendari,-3.945,122.4989,24.36,95,93,1.5,ID,1682445910
482,selfoss,63.9331,-20.9971,5.58,57,99,3.11,IS,1682445911
483,achit,56.7985,57.8994,12.29,60,72,2.22,RU,1682445911
484,nemuro,43.3236,145.575,4.11,79,100,6.72,JP,1682445911
485,divnogorsk,55.9594,92.3619,-1.73,82,19,3.55,RU,1682445912
486,castillos,-34.1667,-53.8333,19.8,86,98,2.06,UY,1682445912
487,sherman oaks,34.1511,-118.4492,22.36,68,0,3.6,US,1682445689
488,howrah,22.5892,88.3103,30.0,70,40,1.54,IN,1682445912
489,aoulef,26.9667,1.0833,33.42,10,0,5.64,DZ,1682445913
490,rockport,28.0206,-97.0544,27.01,81,75,7.2,US,1682445686
491,limoeiro,-7.8747,-35.4503,29.26,63,90,4.85,BR,1682445913
492,ellon,57.3641,-2.0731,6.29,52,89,5.66,GB,1682445913
493,la nucia,38.6137,-0.1269,29.92,49,91,2.67,ES,1682445914
494,semey,50.4111,80.2275,7.53,52,25,3.61,KZ,1682445914
495,misratah,32.3754,15.0925,22.96,47,2,1.52,LY,1682445914
496,al hawatah,13.4167,34.6333,37.26,11,20,3.94,SD,1682445915
497,kimberley,-28.7323,24.7623,16.83,55,0,1.54,ZA,1682445915
498,myeik,12.4333,98.6,27.35,82,96,0.34,MM,1682445915
499,calauag,13.9575,122.2875,24.45,90,19,2.03,PH,1682445916
500,athens,37.9795,23.7162,20.21,55,20,3.58,GR,1682445672
501,bezhetsk,57.7851,36.6965,12.79,57,88,2.33,RU,1682445917
502,tralee,52.2704,-9.7026,10.14,66,20,4.12,IE,1682445917
503,borogontsy,62.6683,131.1683,-7.52,98,99,1.55,RU,1682445917
504,el porvenir,13.7617,-87.3458,31.63,48,72,2.08,HN,1682445918
505,queenstown,-31.8976,26.8753,15.7,82,77,1.8,ZA,1682445918
506,namsos,64.4662,11.4957,1.03,100,100,1.54,NO,1682445918
507,tazacorte,28.629,-17.9293,22.3,78,40,4.12,ES,1682445919
508,nova vicosa,-17.8919,-39.3719,26.72,74,23,3.28,BR,1682445769
509,rasinari,45.7,24.0667,9.33,76,75,6.69,RO,1682445919
510,sao tome,0.3365,6.7273,26.17,85,100,5.58,ST,1682445920
511,san juan del sur,11.2529,-85.8705,30.12,66,75,2.06,NI,1682445920
512,las heras,-46.5419,-68.9359,13.61,46,100,3.25,AR,1682445920
513,hotan,37.0997,79.9269,19.03,17,26,0.47,CN,1682445921
514,laguna,38.421,-121.4238,24.6,34,0,6.17,US,1682445811
515,guarapari,-20.6667,-40.4975,26.61,73,32,3.74,BR,1682445747
516,cill airne,52.05,-9.5167,10.03,66,20,4.12,IE,1682445922
517,malpica,43.3228,-8.8105,18.09,55,100,4.14,ES,1682445922
518,manali,13.1667,80.2667,31.05,86,11,3.48,IN,1682445922
519,kirakira,-10.4544,161.9205,25.9,82,54,1.98,SB,1682445922
520,nowa sol,51.8033,15.717,8.33,65,78,3.62,PL,1682445922
521,lospalos,-8.5186,127.0025,22.23,96,100,1.75,TL,1682445923
522,mumford,5.2618,-0.759,28.57,81,95,6.6,GH,1682445923
523,bossangoa,6.4926,17.4552,28.32,54,84,1.98,CF,1682445923
524,pankrushikha,53.8319,80.3406,7.99,63,100,5.96,RU,1682445924
525,kinston,35.2627,-77.5816,20.62,32,20,0.0,US,1682445924
526,mufulira,-12.5498,28.2407,17.57,79,0,1.82,ZM,1682445924
527,lobujya,27.95,86.8167,-12.78,74,72,2.52,NP,1682445924
528,calingasta,-31.3308,-69.4078,23.29,14,45,0.77,AR,1682445924
529,uray,60.1247,64.7758,11.24,75,70,2.2,RU,1682445925
530,corinto,37.9407,22.9573,17.16,67,77,4.37,GR,1682445925
531,usinsk,65.9939,57.5281,-6.43,89,8,2.38,RU,1682445925
532,thomasville,35.8826,-80.082,19.11,45,54,1.34,US,1682445925
533,taunggyi,20.7833,97.0333,19.42,45,35,0.8,MM,1682445926
534,ribas do rio pardo,-20.4431,-53.7592,27.39,66,55,2.8,BR,1682445862
535,damara,4.9608,18.7035,26.69,65,87,0.75,CF,1682445926
536,banavar,13.4136,76.1683,24.33,71,78,2.82,IN,1682445926
537,saint-paul,-21.0096,55.2707,25.06,93,10,0.13,RE,1682445926
538,loch garman,52.3342,-6.4575,9.56,80,100,3.58,IE,1682445927
539,tual,-5.6667,132.75,28.16,73,53,0.79,ID,1682445927
540,campo gallo,-26.5833,-62.85,27.0,41,0,0.61,AR,1682445927
541,port-vila,-17.7338,168.3219,25.59,76,65,3.89,VU,1682445928
542,lubang,13.8584,120.124,27.74,77,5,7.22,PH,1682445928
543,itoman,26.1247,127.6694,22.01,83,100,6.17,JP,1682445928
544,kostroma,57.7708,40.9344,12.96,71,100,4.45,RU,1682445929
545,shantobe,52.4581,68.1839,12.27,51,8,4.09,KZ,1682445929
546,bodo,67.28,14.405,4.02,40,75,4.12,NO,1682445929
547,bodo,67.28,14.405,4.02,40,75,4.12,NO,1682445929
